{
  "backend\\verify_vertex.py": 1782709885.3945563,
  "backend\\app\\audit.py": 1782891172.5161562,
  "backend\\app\\auth.py": 1782891204.2013178,
  "backend\\app\\config.py": 1782709874.2051091,
  "backend\\app\\main.py": 1782916667.390622,
  "backend\\app\\__init__.py": 1782709854.040203,
  "backend\\app\\agent\\history.py": 1782822753.4467027,
  "backend\\app\\agent\\pending.py": 1782821314.7815454,
  "backend\\app\\agent\\router.py": 1782891376.0157168,
  "backend\\app\\agent\\tools.py": 1782907905.90248,
  "backend\\app\\agent\\__init__.py": 1782819302.1263745,
  "backend\\app\\api\\dto.py": 1782922667.8071103,
  "backend\\app\\api\\routes_access.py": 1782891506.369095,
  "backend\\app\\api\\routes_ask.py": 1782787752.9432702,
  "backend\\app\\api\\routes_chat.py": 1782891473.179134,
  "backend\\app\\api\\routes_family.py": 1782916642.327474,
  "backend\\app\\api\\routes_graph.py": 1782922826.6454437,
  "backend\\app\\api\\routes_intake.py": 1782787213.2573166,
  "backend\\app\\api\\routes_patients.py": 1782920291.1389766,
  "backend\\app\\api\\routes_scenario.py": 1782750868.0012176,
  "backend\\app\\api\\__init__.py": 1782715447.9098692,
  "backend\\app\\checks\\allergy.py": 1782889701.3227265,
  "backend\\app\\checks\\cards.py": 1782889679.225541,
  "backend\\app\\checks\\engine.py": 1782916634.0843408,
  "backend\\app\\checks\\followup.py": 1782889732.026834,
  "backend\\app\\checks\\hereditary.py": 1782916626.2249486,
  "backend\\app\\checks\\risk.py": 1782889759.1722858,
  "backend\\app\\checks\\__init__.py": 1782889780.5218077,
  "backend\\app\\engine\\answer.py": 1782891137.0225306,
  "backend\\app\\engine\\extract.py": 1782921534.4984276,
  "backend\\app\\engine\\graph.py": 1782712840.187356,
  "backend\\app\\engine\\judge.py": 1782714159.6931243,
  "backend\\app\\engine\\nodes.py": 1782907313.9457865,
  "backend\\app\\engine\\run.py": 1782714798.572934,
  "backend\\app\\engine\\service.py": 1782907345.5571747,
  "backend\\app\\engine\\state.py": 1782907301.1548092,
  "backend\\app\\engine\\__init__.py": 1782712269.465514,
  "backend\\app\\intake\\family_resolver.py": 1782919165.3500865,
  "backend\\app\\intake\\fhir.py": 1782916463.0045245,
  "backend\\app\\intake\\patient_index.py": 1782787140.1526084,
  "backend\\app\\intake\\pipeline.py": 1782921577.9065704,
  "backend\\app\\intake\\structured.py": 1782916452.8127048,
  "backend\\app\\intake\\__init__.py": 1782787075.7094634,
  "backend\\app\\memory\\cognee_client.py": 1782916563.6114044,
  "backend\\app\\memory\\ledger.py": 1782826339.998076,
  "backend\\app\\memory\\ontology.py": 1782916602.1984591,
  "backend\\app\\memory\\records.py": 1782901268.6850443,
  "backend\\app\\memory\\schema.py": 1782826225.887079,
  "backend\\app\\memory\\__init__.py": 1782712086.6930885,
  "backend\\scripts\\clean_slate.py": 1782923103.9729104,
  "backend\\scripts\\gen_demo_data.py": 1782921689.5469086,
  "backend\\scripts\\smoke.ps1": 1782734919.4927113,
  "backend\\tests\\conftest.py": 1782891540.4565358,
  "backend\\tests\\test_agent.py": 1782821546.786507,
  "backend\\tests\\test_api.py": 1782822411.3278005,
  "backend\\tests\\test_checks.py": 1782889874.1918755,
  "backend\\tests\\test_day3.py": 1782891572.7767336,
  "backend\\tests\\test_engine.py": 1782714209.0599487,
  "backend\\tests\\test_family.py": 1782918787.923748,
  "backend\\tests\\test_graph_viz.py": 1782922735.410635,
  "backend\\tests\\test_intake_extract.py": 1782897312.0417671,
  "backend\\tests\\test_ontology.py": 1782831357.119587,
  "backend\\tests\\test_perf.py": 1782907460.7840803,
  "backend\\tests\\test_schema.py": 1782826350.146427,
  "backend\\tests\\__init__.py": 1782712426.2696915,
  "frontend\\src\\App.tsx": 1782898500.0936606,
  "frontend\\src\\main.tsx": 1782742027.3712957,
  "frontend\\src\\store.ts": 1782919980.8765912,
  "frontend\\src\\api\\client.ts": 1782917847.3506365,
  "frontend\\src\\api\\hooks.ts": 1782898100.7197304,
  "frontend\\src\\api\\types.ts": 1782923111.0638497,
  "frontend\\src\\components\\AssistantPane.tsx": 1782748449.4748845,
  "frontend\\src\\components\\ChatPane.tsx": 1782920352.264376,
  "frontend\\src\\components\\CommandPalette.tsx": 1782920007.3837967,
  "frontend\\src\\components\\DisclaimerBanner.tsx": 1782747695.3415637,
  "frontend\\src\\components\\DocumentViewer.tsx": 1782920430.9856203,
  "frontend\\src\\components\\DropZone.tsx": 1782901714.134185,
  "frontend\\src\\components\\EvidenceBoard.tsx": 1782751286.5960827,
  "frontend\\src\\components\\FactReel.tsx": 1782748194.640471,
  "frontend\\src\\components\\ForceCanvas.tsx": 1782923259.687495,
  "frontend\\src\\components\\GraphLegend.tsx": 1782923458.2313979,
  "frontend\\src\\components\\GuidedSteps.tsx": 1782751385.6880627,
  "frontend\\src\\components\\HowItWorks.tsx": 1782920405.567353,
  "frontend\\src\\components\\InspectorDrawer.tsx": 1782820017.2805629,
  "frontend\\src\\components\\Legend.tsx": 1782748170.4618607,
  "frontend\\src\\components\\MemoryGraph.tsx": 1782923417.600469,
  "frontend\\src\\components\\PatientCard.tsx": 1782751134.4401553,
  "frontend\\src\\components\\PatientPicker.tsx": 1782752328.256935,
  "frontend\\src\\components\\PatientTimeline.tsx": 1782924201.1048918,
  "frontend\\src\\components\\PresetQuestions.tsx": 1782747779.6870348,
  "frontend\\src\\components\\RecordsInbox.tsx": 1782751960.119282,
  "frontend\\src\\components\\RewindSlider.tsx": 1782748152.5464766,
  "frontend\\src\\components\\SplitChat.tsx": 1782751343.924096,
  "frontend\\src\\components\\WhyPanel.tsx": 1782920421.1758137,
  "frontend\\src\\components\\cinematic\\CinematicLayer.tsx": 1782741916.978157,
  "frontend\\src\\components\\cinematic\\FilmTransition.tsx": 1782741866.796003,
  "frontend\\src\\components\\cinematic\\TitleSequence.tsx": 1782920513.0677316,
  "frontend\\src\\components\\clinical\\AnswerCard.tsx": 1782898175.4918144,
  "frontend\\src\\components\\clinical\\ClinicalCard.tsx": 1782920350.7628064,
  "frontend\\src\\components\\clinical\\FamilyPanel.tsx": 1782917862.7773929,
  "frontend\\src\\components\\clinical\\PatientContextChip.tsx": 1782898193.630792,
  "frontend\\src\\components\\clinical\\PreVisitBrief.tsx": 1782920356.0633526,
  "frontend\\src\\components\\layout\\ClinicalShell.tsx": 1782920087.1649103,
  "frontend\\src\\components\\ui\\badge.tsx": 1782747649.2304542,
  "frontend\\src\\components\\ui\\button.tsx": 1782747638.7646127,
  "frontend\\src\\components\\ui\\card.tsx": 1782747661.8984132,
  "frontend\\src\\components\\ui\\Skeleton.tsx": 1782920095.8358462,
  "frontend\\src\\hooks\\useContainerSize.ts": 1782741583.2057338,
  "frontend\\src\\lib\\graphLayout.ts": 1782923190.8362699,
  "frontend\\src\\lib\\labels.ts": 1782747568.438331,
  "frontend\\src\\lib\\time.ts": 1782747581.3496208,
  "frontend\\src\\lib\\utils.ts": 1782741423.554572,
  "frontend\\src\\pages\\BoardPage.tsx": 1782751298.6528535,
  "frontend\\src\\pages\\ChatPage.tsx": 1782818134.7979891,
  "frontend\\src\\pages\\ComparePage.tsx": 1782920372.1325195,
  "frontend\\src\\pages\\ConsolePage.tsx": 1782751316.408682,
  "frontend\\src\\pages\\Dashboard.tsx": 1782920132.5606844,
  "frontend\\src\\pages\\LoginPage.tsx": 1782898260.5354128,
  "frontend\\src\\pages\\MemoryMapPage.tsx": 1782751330.4046378,
  "frontend\\src\\pages\\PatientWorkspace.tsx": 1782924133.4524248,
  "backend\\requirements.txt": 1782787405.3206568,
  "docs\\ARCHITECTURE.md": 1782705165.0145512,
  "docs\\assets-manifest.md": 1782740257.7192628,
  "docs\\CLINICAL_COPILOT_PLAN.md": 1782822942.9491024,
  "docs\\DEMO_SCRIPT.md": 1782921803.0304868,
  "docs\\DEMO_TEST_GUIDE.md": 1782825845.0185113,
  "docs\\design-brief.md": 1782746324.3734682,
  "docs\\E2E_MANUAL_TEST_GUIDE.md": 1782903476.8814404,
  "docs\\FAMILY_GRAPH_AND_PERF_PLAN.md": 1782906415.345893,
  "docs\\image-prompts.md": 1782736695.6324477,
  "docs\\linkes.md": 1782711687.1922865,
  "docs\\MASTER_PLAN.md": 1782735819.2494476,
  "docs\\phase-0.md": 1782709837.6453412,